asset,period,period_type,start_date,end_date,daily_vol_std,annualized_vol,atr_14,atr_pct
SPY,Overall,overall,2016-01-01,2026-01-01,0.00044595104795523607,0.1398040532220037,0.058521428571412216,0.015384060879308216
SPY,2016-S1,semester,2016-01-01,2016-06-30,0.000452438170142046,0.14183774274828878,0.030714285714290263,0.015283217968753331
SPY,2016-S2,semester,2016-07-01,2016-12-31,0.0002705036556614553,0.08480192533741222,0.0257142857142806,0.011845648751115927
SPY,2017-S1,semester,2017-01-01,2017-06-30,0.00020120824530740842,0.06307806286058223,0.0321428571428543,0.013620174415269153
SPY,2017-S2,semester,2017-07-01,2017-12-31,0.000458967031389326,0.14388451732024904,0.21857857142857387,0.08631346576972503
SPY,2018-S1,semester,2018-01-01,2018-06-30,0.0004364063379348775,0.1368118208821691,0.04571428571429286,0.016846373527787513
SPY,2018-S2,semester,2018-07-01,2018-12-31,0.00042064120056941115,0.13186950689187862,0.0214285714285763,0.007747755748771466
SPY,2019-S1,semester,2019-01-01,2019-06-30,0.0003226481738860256,0.10114904467826716,0.2035714285714302,0.0728637374321659
SPY,2019-S2,semester,2019-07-01,2019-12-31,0.0003341541941578665,0.10475614074370654,0.015714285714279543,0.005216791769244078
SPY,2020-S1,semester,2020-01-01,2020-06-30,0.0010139504885625984,0.3178698395652414,0.08642857142856185,0.029067680704250382
SPY,2020-S2,semester,2020-07-01,2020-12-31,0.00042839981771321923,0.13430180552437554,0.006428571428565582,0.0018753279685885089
SPY,2021-S1,semester,2021-01-01,2021-06-30,0.00032093118113127745,0.10061077361114613,0.0328571428571414,0.008192742022903626
SPY,2021-S2,semester,2021-07-01,2021-12-31,0.0002971626953949849,0.09315943862691567,0.038571428571421915,0.00857181817133075
SPY,2022-S1,semester,2022-01-01,2022-06-30,0.0005637715984405083,0.17674037299569823,0.12142857142857467,0.028421786703070717
SPY,2022-S2,semester,2022-07-01,2022-12-31,0.0004944863101902113,0.1550196837620703,0.02000000000000211,0.005123671974339909
SPY,2023-S1,semester,2023-01-01,2023-06-30,0.00035249658210537323,0.11050641354290684,0.07144285714285356,0.017477090014284838
SPY,2023-S2,semester,2023-07-01,2023-12-31,0.00030052663421152506,0.09421402137428116,0.0542857142857177,0.012208236571522866
SPY,2024-S1,semester,2024-01-01,2024-06-30,0.0002706810997707735,0.08485755342891867,0.04582857142854989,0.008981675590716219
SPY,2024-S2,semester,2024-07-01,2024-12-31,0.0003151601695478832,0.09880158218924227,0.034399999999996975,0.0060296396869295435
SPY,2025-S1,semester,2025-01-01,2025-06-30,0.0005673153639015595,0.17785133075080328,0.048864285714289836,0.008449347386001154
SPY,2025-S2,semester,2025-07-01,2025-12-31,0.00027001168883034917,0.08464769550130176,0.05922857142855621,0.008987880326529162
QQQ,Overall,overall,2016-01-01,2026-01-01,0.0005371229053292648,0.1683861033351522,0.022157142857135374,0.007271090744011393
QQQ,2016-S1,semester,2016-01-01,2016-06-30,0.0005921374837258808,0.18563297624062555,0.010714285714285105,0.010134940241174725
QQQ,2016-S2,semester,2016-07-01,2016-12-31,0.0003607873087323602,0.11310552658888565,0.017857142857141843,0.015314427405037837
QQQ,2017-S1,semester,2017-01-01,2017-06-30,0.00028361162528327174,0.08891122677541395,0.06476428571427359,0.0487644863355176
QQQ,2017-S2,semester,2017-07-01,2017-12-31,0.00033313981463842815,0.10443813640450134,0.03785714285714497,0.02560091424946042
QQQ,2018-S1,semester,2018-01-01,2018-06-30,0.0005265602780864833,0.1650747575989219,0.02285714285714034,0.013736247892682976
QQQ,2018-S2,semester,2018-07-01,2018-12-31,0.0005779130856991069,0.18117367850401458,0.06714285714285698,0.038682480440064386
QQQ,2019-S1,semester,2019-01-01,2019-06-30,0.0004252734262856397,0.13332169303100158,0.1206999999999953,0.06834543169026909
QQQ,2019-S2,semester,2019-07-01,2019-12-31,0.00039804709780195616,0.12478633675406167,0.047857142857139934,0.0246094434086147
QQQ,2020-S1,semester,2020-01-01,2020-06-30,0.0010231247828453257,0.32074594790057936,0.04714285714285487,0.021716500523477452
QQQ,2020-S2,semester,2020-07-01,2020-12-31,0.0005593015088563236,0.17533901595213947,0.02285714285714643,0.008104167066655427
QQQ,2021-S1,semester,2021-01-01,2021-06-30,0.000488598424339824,0.15317385267687178,0.017785714285711914,0.005428576371341421
QQQ,2021-S2,semester,2021-07-01,2021-12-31,0.00037598508292701645,0.11786997426113104,0.013014285714279237,0.0034520285372559405
QQQ,2022-S1,semester,2022-01-01,2022-06-30,0.0007406752346724086,0.2321990281291045,0.09642857142856899,0.028984264175772684
QQQ,2022-S2,semester,2022-07-01,2022-12-31,0.0006443691040143102,0.2020074017659313,0.017107142857152473,0.005919729912261045
QQQ,2023-S1,semester,2023-01-01,2023-06-30,0.00047200226780788265,0.14797101716003466,0.0864285714285659,0.027418647737913106
QQQ,2023-S2,semester,2023-07-01,2023-12-31,0.000386865920984415,0.12128107794583241,0.012842857142857156,0.0034267824879058587
QQQ,2024-S1,semester,2024-01-01,2024-06-30,0.00036351577240724197,0.11396089015976746,0.05457142857141305,0.012431001315071615
QQQ,2024-S2,semester,2024-07-01,2024-12-31,0.00043915041137814056,0.1376720780594222,0.05791428571428371,0.011841619523861738
QQQ,2025-S1,semester,2025-01-01,2025-06-30,0.000656772234977273,0.20589573881372222,0.0663642857142658,0.013225966095110429
QQQ,2025-S2,semester,2025-07-01,2025-12-31,0.0003503560896279852,0.10983537683248276,0.021442857142850307,0.0036107883909998343
IWM,Overall,overall,2016-01-01,2026-01-01,0.0006881335947913526,0.2157274125740272,0.03592857142857448,0.020038412470280643
IWM,2016-S1,semester,2016-01-01,2016-06-30,0.0006824333424179357,0.21394040391052915,0.029285714285713027,0.02711476841772671
IWM,2016-S2,semester,2016-07-01,2016-12-31,0.001063082734732981,0.3332726224267591,0.029285714285716073,0.02349360207828758
IWM,2017-S1,semester,2017-01-01,2017-06-30,0.0004427161788083774,0.13878993335291206,0.02714285714285682,0.0197440788891492
IWM,2017-S2,semester,2017-07-01,2017-12-31,0.0004419291713664237,0.13854320934406514,0.09785714285714318,0.06725858212819133
IWM,2018-S1,semester,2018-01-01,2018-06-30,0.0005447522525296522,0.17077787630427677,0.026428571428571752,0.016821756791775305
IWM,2018-S2,semester,2018-07-01,2018-12-31,0.0006185417479583826,0.19391061832482817,0.06928571428571015,0.04366008255174794
IWM,2019-S1,semester,2019-01-01,2019-06-30,0.0005005970262772076,0.15693537132681112,0.12571428571428708,0.08266071801589737
IWM,2019-S2,semester,2019-07-01,2019-12-31,0.0004855883530187554,0.15223020611946994,0.16281428571428844,0.1048627920565366
IWM,2020-S1,semester,2020-01-01,2020-06-30,0.0014732240991969527,0.4618504683786358,0.045000000000001705,0.03253565240616094
IWM,2020-S2,semester,2020-07-01,2020-12-31,0.0006948136455979017,0.21782158453026895,0.05714285714285593,0.0350241902137711
IWM,2021-S1,semester,2021-01-01,2021-06-30,0.0006760571024462112,0.21194147556076842,0.04364285714286252,0.019712333118713697
IWM,2021-S2,semester,2021-07-01,2021-12-31,0.0005573346595931975,0.17472241576626132,0.163571428571428,0.07303618128979458
IWM,2022-S1,semester,2022-01-01,2022-06-30,0.0007220034707187602,0.22634549713395688,0.0549999999999987,0.028286478861340253
IWM,2022-S2,semester,2022-07-01,2022-12-31,0.0007198775946766422,0.22567904262353833,0.017142857142855763,0.0095176928602743
IWM,2023-S1,semester,2023-01-01,2023-06-30,0.0005476589200091429,0.17168910612841248,0.04428571428571461,0.024450667685387895
IWM,2023-S2,semester,2023-07-01,2023-12-31,0.000477890321468649,0.1498169008531848,0.03762857142857001,0.020481997686562458
IWM,2024-S1,semester,2024-01-01,2024-06-30,0.0005114018613745036,0.1603226483562598,0.020742857142863613,0.010334287948837085
IWM,2024-S2,semester,2024-07-01,2024-12-31,0.0005838887506495581,0.18304702802208456,0.0609428571428562,0.02755038744418388
IWM,2025-S1,semester,2025-01-01,2025-06-30,0.0007347898211199652,0.2303539721004395,0.03500000000000268,0.016782612674166263
IWM,2025-S2,semester,2025-07-01,2025-12-31,0.0004585005792079077,0.14373828623525545,0.03592857142857448,0.015119515056704209
GLD,Overall,overall,2016-01-01,2026-01-01,0.00046803612968967216,0.14672764709261019,0.06087142857142323,0.03459488084043305
GLD,2016-S1,semester,2016-01-01,2016-06-30,0.0005508097300581077,0.1726768737719636,0.06285714285714152,0.053624902132043246
GLD,2016-S2,semester,2016-07-01,2016-12-31,0.00042028508261102843,0.1317578651898682,0.045000000000001705,0.036887778445428426
GLD,2017-S1,semester,2017-01-01,2017-06-30,0.0003363989773303237,0.10545987221278376,0.01000000000000004,0.008479687805805866
GLD,2017-S2,semester,2017-07-01,2017-12-31,0.0005803265991610982,0.18193030631336582,0.0357142857142847,0.02940253357551124
GLD,2018-S1,semester,2018-01-01,2018-06-30,0.0003183396234281184,0.09979832957110721,0.08642857142856997,0.06916167835081327
GLD,2018-S2,semester,2018-07-01,2018-12-31,0.0003133475984924438,0.09823334766784084,0.01999999999999805,0.017324524603196848
GLD,2019-S1,semester,2019-01-01,2019-06-30,0.00033685588008793764,0.10560310958768314,0.06071428571428531,0.049142164792947585
GLD,2019-S2,semester,2019-07-01,2019-12-31,0.00041342491888410527,0.1296072284794311,0.04428571428571664,0.03176402421751928
GLD,2020-S1,semester,2020-01-01,2020-06-30,0.0007109656694785848,0.22288518605472318,0.024999999999999595,0.01612543460848338
GLD,2020-S2,semester,2020-07-01,2020-12-31,0.0005032853866330623,0.15777816265109018,0.05857142857142809,0.03288299127171968
GLD,2021-S1,semester,2021-01-01,2021-06-30,0.00043524998272900133,0.13644930767475066,0.024999999999997562,0.014782326121307636
GLD,2021-S2,semester,2021-07-01,2021-12-31,0.00038455714024439715,0.12055728346898259,0.025721428571429783,0.015344585368135712
GLD,2022-S1,semester,2022-01-01,2022-06-30,0.00046993780941704345,0.14732381686289248,0.04855000000000383,0.02769846264115971
GLD,2022-S2,semester,2022-07-01,2022-12-31,0.0004703402804086167,0.14744999007446855,0.027857142857143913,0.01731477903483902
GLD,2023-S1,semester,2023-01-01,2023-06-30,0.0004571786170262094,0.14332385583520363,0.04321428571428702,0.024010039079307394
GLD,2023-S2,semester,2023-07-01,2023-12-31,0.00036468688650398575,0.11432803022651003,0.05282857142857316,0.029173297882409403
GLD,2024-S1,semester,2024-01-01,2024-06-30,0.000514316635324984,0.16123641952996043,0.06499999999999975,0.03172052032609377
GLD,2024-S2,semester,2024-07-01,2024-12-31,0.00046631836944837344,0.1461891354212097,0.04366428571427759,0.018372068583427582
GLD,2025-S1,semester,2025-01-01,2025-06-30,0.0005199758814620135,0.16301057288550339,0.13719285714285792,0.04794890121676674
GLD,2025-S2,semester,2025-07-01,2025-12-31,0.0005159195056623091,0.16173891362875187,0.06087142857142323,0.017196357622844837
TLT,Overall,overall,2016-01-01,2026-01-01,0.0005161422783036296,0.1618087520523779,0.005014285714282656,0.004270400187083009
TLT,2016-S1,semester,2016-01-01,2016-06-30,0.00044774157967401716,0.14036537849045175,0.045000000000001705,0.0345873473499302
TLT,2016-S2,semester,2016-07-01,2016-12-31,0.0005305950204123826,0.16633963483926806,0.07949999999999895,0.060234038782560416
TLT,2017-S1,semester,2017-01-01,2017-06-30,0.0010379966124554343,0.3254082131152333,0.02000000000000211,0.01643085490235636
TLT,2017-S2,semester,2017-07-01,2017-12-31,0.00030218958772342273,0.0947353513326904,0.030414285714285377,0.024224738164747864
TLT,2018-S1,semester,2018-01-01,2018-06-30,0.0003469274647225945,0.1087605152283911,0.042142857142857384,0.035059833460574
TLT,2018-S2,semester,2018-07-01,2018-12-31,0.0002995140242294213,0.0938965717786803,0.07142857142857346,0.06061133990994673
TLT,2019-S1,semester,2019-01-01,2019-06-30,0.0003007216595110253,0.09427516110581893,0.04535714285714424,0.03646862846146491
TLT,2019-S2,semester,2019-07-01,2019-12-31,0.0005028568859845389,0.15764382923546866,0.06682857142857504,0.04798301198772746
TLT,2020-S1,semester,2020-01-01,2020-06-30,0.000997894459891603,0.3128363321945419,0.17071428571428474,0.108784475947021
TLT,2020-S2,semester,2020-07-01,2020-12-31,0.00042678656608918845,0.1337960569294555,0.031428571428567205,0.019369204528956855
TLT,2021-S1,semester,2021-01-01,2021-06-30,0.00043733607398770586,0.13710328979833827,0.1164285714285711,0.08195890156117099
TLT,2021-S2,semester,2021-07-01,2021-12-31,0.00041621102533622275,0.13048066285412305,0.04285714285714042,0.02897627556931411
TLT,2022-S1,semester,2022-01-01,2022-06-30,0.0005902599162268944,0.18504436556741427,0.10848571428571217,0.0850503735679738
TLT,2022-S2,semester,2022-07-01,2022-12-31,0.0006179180946100072,0.19371510523811578,0.044607142857142686,0.041899752029164995
TLT,2023-S1,semester,2023-01-01,2023-06-30,0.0005708000104144592,0.17894375492781342,0.020714285714289207,0.01988683293576117
TLT,2023-S2,semester,2023-07-01,2023-12-31,0.0004998613907339521,0.1567047522238561,0.04285714285714347,0.04611354639970228
TLT,2024-S1,semester,2024-01-01,2024-06-30,0.0004099555884416002,0.1285196058355274,0.011614285714289605,0.012509433956297555
TLT,2024-S2,semester,2024-07-01,2024-12-31,0.0003435820615882392,0.10771174335087459,0.019400000000000465,0.020587655920846566
TLT,2025-S1,semester,2025-01-01,2025-06-30,0.00038929068708972787,0.12204123341848443,0.014985714285717424,0.017016397824439398
TLT,2025-S2,semester,2025-07-01,2025-12-31,0.00027237505193082834,0.08538860135228538,0.005014285714282656,0.0056712428676430615
XLE,Overall,overall,2016-01-01,2026-01-01,0.0009950172934948796,0.311934350853988,0.04356428571428544,0.12505169594710025
XLE,2016-S1,semester,2016-01-01,2016-06-30,0.0010228810941343399,0.32066955236417133,0.0035714285714283684,0.011564387537996271
XLE,2016-S2,semester,2016-07-01,2016-12-31,0.0006315363799716048,0.19798438882925185,0.019285714285713493,0.054774802103329384
XLE,2017-S1,semester,2017-01-01,2017-06-30,0.0005715936588525103,0.17919256086510543,0.024285714285714022,0.0696524611086284
XLE,2017-S2,semester,2017-07-01,2017-12-31,0.0005317797851496656,0.16671105433283384,0.010714285714285612,0.03200901565072855
XLE,2018-S1,semester,2018-01-01,2018-06-30,0.0007381848361317215,0.23141829712348713,0.01000000000000004,0.027536743910328627
XLE,2018-S2,semester,2018-07-01,2018-12-31,0.0008046520493549596,0.2522555299488994,0.014285714285713727,0.0402622924494011
XLE,2019-S1,semester,2019-01-01,2019-06-30,0.0006992323117565986,0.21920682051447216,0.020000000000000333,0.062388124629713534
XLE,2019-S2,semester,2019-07-01,2019-12-31,0.0007650262798782884,0.2398329934165142,0.019285714285714257,0.06438277898851506
XLE,2020-S1,semester,2020-01-01,2020-06-30,0.0021720578427089784,0.6809323391787113,0.02428571428571377,0.11721980010423522
XLE,2020-S2,semester,2020-07-01,2020-12-31,0.0011957061262572726,0.3748495797456392,0.007857142857142563,0.04484084254393874
XLE,2021-S1,semester,2021-01-01,2021-06-30,0.0009862537480873528,0.3091870108170378,0.012857142857142583,0.05227759112613189
XLE,2021-S2,semester,2021-07-01,2021-12-31,0.0009212854778055569,0.28881969122475504,0.015000000000000315,0.05652028593119227
XLE,2022-S1,semester,2022-01-01,2022-06-30,0.0011663931733108882,0.36566007418757224,0.04357142857142752,0.1166601357415327
XLE,2022-S2,semester,2022-07-01,2022-12-31,0.0010361792990564247,0.3248384918861407,0.025714285714285672,0.06330451304136095
XLE,2023-S1,semester,2023-01-01,2023-06-30,0.0008099015315614588,0.25390122378267427,0.010714285714285612,0.02567485026156432
XLE,2023-S2,semester,2023-07-01,2023-12-31,0.0006482984506216281,0.20323923782671866,0.009285714285714468,0.021439373735047482
XLE,2024-S1,semester,2024-01-01,2024-06-30,0.0006111048878735595,0.19157918937568583,0.012857142857142836,0.02873781212742546
XLE,2024-S2,semester,2024-07-01,2024-12-31,0.0006711777567732217,0.21041181820200008,0.047857142857143486,0.10612917757871129
XLE,2025-S1,semester,2025-01-01,2025-06-30,0.0009570049402647266,0.30001761452508185,0.025714285714286182,0.05939171873977851
XLE,2025-S2,semester,2025-07-01,2025-12-31,0.001244755995923842,0.3902265378688226,0.04356428571428544,0.09861810640187851
AAPL,Overall,overall,2016-01-01,2026-01-01,0.0007612987932890823,0.2386644397470227,0.02499285714285244,0.02042840122825215
AAPL,2016-S1,semester,2016-01-01,2016-06-30,0.0008049098020842004,0.2523363345045611,0.009285714285714215,0.03738571402662276
AAPL,2016-S2,semester,2016-07-01,2016-12-31,0.0006022693581328857,0.18880928250861248,0.00500000000000002,0.018243737993628367
AAPL,2017-S1,semester,2017-01-01,2017-06-30,0.000467047206089561,0.14641762309276454,0.007857142857142816,0.022456960307382902
AAPL,2017-S2,semester,2017-07-01,2017-12-31,0.000522289958793079,0.16373602782463964,0.01142857142857017,0.028321225939299657
AAPL,2018-S1,semester,2018-01-01,2018-06-30,0.000708708568054914,0.22217759285809502,0.020000000000001097,0.045334332785303987
AAPL,2018-S2,semester,2018-07-01,2018-12-31,0.0007682713739605753,0.24085031876617005,0.014285714285715503,0.028414627745365368
AAPL,2019-S1,semester,2019-01-01,2019-06-30,0.0007712926107409046,0.24179746565498245,0.01000000000000004,0.021951623824243677
AAPL,2019-S2,semester,2019-07-01,2019-12-31,0.0006144457416978456,0.19262653506082103,0.006428571428567612,0.011033594048084489
AAPL,2020-S1,semester,2020-01-01,2020-06-30,0.0012897106378926973,0.4043196568046499,0.01357142857142841,0.018068193876103613
AAPL,2020-S2,semester,2020-07-01,2020-12-31,0.000896686857299947,0.2811081119693132,0.01214285714285422,0.010534920879279484
AAPL,2021-S1,semester,2021-01-01,2021-06-30,0.000687070488607288,0.21539413260031912,0.03035714285714976,0.023531794323842392
AAPL,2021-S2,semester,2021-07-01,2021-12-31,0.0006016044643902203,0.18860084070628289,0.01212857142857006,0.007943019745635821
AAPL,2022-S1,semester,2022-01-01,2022-06-30,0.0008856420466388414,0.2776456034617714,0.08427857142857574,0.05276633032153035
AAPL,2022-S2,semester,2022-07-01,2022-12-31,0.0007983712275826981,0.25028651486225856,0.027228571428571918,0.018169629481373094
AAPL,2023-S1,semester,2023-01-01,2023-06-30,0.0006606046752211783,0.20709719507733185,0.042142857142857384,0.026288125894773834
AAPL,2023-S2,semester,2023-07-01,2023-12-31,0.0005533530918054115,0.17347420855279488,0.031242857142860965,0.017008524913811426
AAPL,2024-S1,semester,2024-01-01,2024-06-30,0.0006250284303355874,0.19594416997238032,0.04785714285714399,0.025965839300090582
AAPL,2024-S2,semester,2024-07-01,2024-12-31,0.0007263323880041145,0.22770259716843436,0.0343071428571469,0.014986785995752358
AAPL,2025-S1,semester,2025-01-01,2025-06-30,0.0009826487209595041,0.3080568477492315,0.09526428571427914,0.04416160042372407
AAPL,2025-S2,semester,2025-07-01,2025-12-31,0.0006429416264060524,0.2015598926582991,0.020714285714283114,0.00842180182110199
AMD,Overall,overall,2016-01-01,2026-01-01,0.001498936505799239,0.4699112155785228,0.006028571428570574,0.007586590058337036
AMD,2016-S1,semester,2016-01-01,2016-06-30,0.0031320302072727216,0.9818802305728223,0.0028571428571427964,0.09105094955239929
AMD,2016-S2,semester,2016-07-01,2016-12-31,0.002010817129774689,0.6303839542921219,0.009999999999999787,0.1333258875052144
AMD,2017-S1,semester,2017-01-01,2017-06-30,0.0017562508824942803,0.5505783492901836,0.008571428571428388,0.06844803993510933
AMD,2017-S2,semester,2017-07-01,2017-12-31,0.0013857435618380833,0.43442563384380023,0.0028571428571431768,0.022960366577056142
AMD,2018-S1,semester,2018-01-01,2018-06-30,0.0014958127364265693,0.4689319250899537,0.005721428571428433,0.04623949130848538
AMD,2018-S2,semester,2018-07-01,2018-12-31,0.0018649642670864636,0.584659605237799,0.013571428571428155,0.060635148229206584
AMD,2019-S1,semester,2019-01-01,2019-06-30,0.0012766566533293265,0.4002272794887435,0.007857142857142563,0.030580109808577123
AMD,2019-S2,semester,2019-07-01,2019-12-31,0.0011580731355412333,0.3630517722035512,0.007142857142860797,0.02097683184090187
AMD,2020-S1,semester,2020-01-01,2020-06-30,0.0017072984557573029,0.5352319391757496,0.020714285714285654,0.04104262360483968
AMD,2020-S2,semester,2020-07-01,2020-12-31,0.0012295560595088548,0.38546141234826264,0.06177142857142875,0.07719893875284889
AMD,2021-S1,semester,2021-01-01,2021-06-30,0.0010551967476080493,0.33080039376225184,0.030714285714285187,0.03673298745305545
AMD,2021-S2,semester,2021-07-01,2021-12-31,0.0010955076846030296,0.34343772785287774,0.005021428571426766,0.004223434186205421
AMD,2022-S1,semester,2022-01-01,2022-06-30,0.0015199740264401694,0.47650640280552725,0.06429285714285474,0.06031722890474093
AMD,2022-S2,semester,2022-07-01,2022-12-31,0.0013566970826853154,0.425319666863781,0.023307142857144112,0.030788091697077222
AMD,2023-S1,semester,2023-01-01,2023-06-30,0.001228798052347004,0.3852237798231594,0.027142857142857833,0.029062960561410084
AMD,2023-S2,semester,2023-07-01,2023-12-31,0.00105629448760568,0.33114453131222815,0.02137857142857464,0.01888580587126702
AMD,2024-S1,semester,2024-01-01,2024-06-30,0.0012384338302612158,0.3882445616209165,0.04792142857143184,0.028489520788855822
AMD,2024-S2,semester,2024-07-01,2024-12-31,0.0011478724251848837,0.35985388611246505,0.012157142857145484,0.008224807867630185
AMD,2025-S1,semester,2025-01-01,2025-06-30,0.0012893316011703168,0.404200830152371,0.04251428571428611,0.038568636348917704
AMD,2025-S2,semester,2025-07-01,2025-12-31,0.001691312112479043,0.530220277925604,0.006028571428570574,0.0031215191420012633
BKNG,Overall,overall,2016-01-01,2026-01-01,0.0015344936073158199,0.48105823930598635,0.12785714285714228,0.14130493170845412
BKNG,2016-S1,semester,2016-01-01,2016-06-30,0.001406273789739774,0.440861786617492,0.029285714285715057,0.0589464146354561
BKNG,2016-S2,semester,2016-07-01,2016-12-31,0.000839492748692464,0.2631779641640584,0.03285714285714292,0.05696975601981654
BKNG,2017-S1,semester,2017-01-01,2017-06-30,0.0007067230182062806,0.22155513010576808,0.07928571428571322,0.11364234508565753
BKNG,2017-S2,semester,2017-07-01,2017-12-31,0.0008367190557313982,0.2623084213742649,0.036428571428571796,0.049237390013297404
BKNG,2018-S1,semester,2018-01-01,2018-06-30,0.0011776071773554957,0.3691756242136851,0.07785714285714411,0.09582618008405559
BKNG,2018-S2,semester,2018-07-01,2018-12-31,0.0013123220844687314,0.41140826416421744,0.09142857142856949,0.12019777402638653
BKNG,2019-S1,semester,2019-01-01,2019-06-30,0.0009939294281655655,0.3115933089770933,0.2057142857142864,0.28751937102044406
BKNG,2019-S2,semester,2019-07-01,2019-12-31,0.0011850470500122258,0.37150799759330955,0.06785714285714306,0.08715537213349077
BKNG,2020-S1,semester,2020-01-01,2020-06-30,0.002439519502209508,0.76478060963599,0.12357142857142682,0.19076847773082675
BKNG,2020-S2,semester,2020-07-01,2020-12-31,0.0016466738183505381,0.5162263329025006,0.11499999999999895,0.15649353312517508
BKNG,2021-S1,semester,2021-01-01,2021-06-30,0.0015671227327525756,0.4912873530395761,0.13857142857143043,0.15214159760379048
BKNG,2021-S2,semester,2021-07-01,2021-12-31,0.0016272441231063492,0.5101351931676332,0.08285714285714262,0.08998522236639178
BKNG,2022-S1,semester,2022-01-01,2022-06-30,0.0022558887348293234,0.7072130230281576,0.12071428571428555,0.1356761109944466
BKNG,2022-S2,semester,2022-07-01,2022-12-31,0.0018863890189611,0.5913761880669767,0.04571428571428474,0.06070806840923892
BKNG,2023-S1,semester,2023-01-01,2023-06-30,0.0012604713507833466,0.3951532452221404,0.12214285714285568,0.12048847138458298
BKNG,2023-S2,semester,2023-07-01,2023-12-31,0.0015799768150604467,0.49531706171574,0.13857142857142637,0.11354539135683775
BKNG,2024-S1,semester,2024-01-01,2024-06-30,0.0017199577412972172,0.5392005797641947,0.1742857142857202,0.12030983944647357
BKNG,2024-S2,semester,2024-07-01,2024-12-31,0.001785200114974263,0.559653829787258,0.2521428571428593,0.14893847583990452
BKNG,2025-S1,semester,2025-01-01,2025-06-30,0.002169374612123837,0.6800911560191425,0.2749999999999996,0.14078696779807495
BKNG,2025-S2,semester,2025-07-01,2025-12-31,0.0014569587233780861,0.4567513314283287,0.12785714285714228,0.06108452893771342
RCL,Overall,overall,2016-01-01,2026-01-01,0.001845093703423348,0.5784302548356708,0.3644285714285778,0.3280453227335283
RCL,2016-S1,semester,2016-01-01,2016-06-30,0.0015226937367224186,0.47735902221923066,0.1132142857142873,0.1465448100054811
RCL,2016-S2,semester,2016-07-01,2016-12-31,0.0010030030312949225,0.31443785099718363,0.04482142857142942,0.06021673810922335
RCL,2017-S1,semester,2017-01-01,2017-06-30,0.0007481529433629656,0.23454326296955771,0.061250000000000124,0.06132956699095169
RCL,2017-S2,semester,2017-07-01,2017-12-31,0.0008590192322474302,0.26929944668702605,0.048214285714284495,0.040027869819780584
RCL,2018-S1,semester,2018-01-01,2018-06-30,0.0009843123912300128,0.30857840240889317,0.12999285714285844,0.11014912797889462
RCL,2018-S2,semester,2018-07-01,2018-12-31,0.0012117872917245844,0.3798909674117796,0.14999285714285854,0.13210184400010183
RCL,2019-S1,semester,2019-01-01,2019-06-30,0.000920159343387473,0.28846665212586103,0.06428571428571063,0.05460402490977295
RCL,2019-S2,semester,2019-07-01,2019-12-31,0.0009554161745080891,0.2995195421617212,0.07285714285714764,0.06436764259828777
RCL,2020-S1,semester,2020-01-01,2020-06-30,0.004246056479579701,1.331123469216246,0.14999999999999808,0.24640352597070067
RCL,2020-S2,semester,2020-07-01,2020-12-31,0.002165224985845761,0.6787902630720543,0.02927142857142684,0.045758032315970865
RCL,2021-S1,semester,2021-01-01,2021-06-30,0.0016968205714342286,0.5319471600407444,0.06097142857142858,0.07313375805184212
RCL,2021-S2,semester,2021-07-01,2021-12-31,0.0016219227025299455,0.5084669469130467,0.025721428571429783,0.03179014618048948
RCL,2022-S1,semester,2022-01-01,2022-06-30,0.0021242999020409056,0.6659603961604212,0.04714285714285639,0.06722986519696224
RCL,2022-S2,semester,2022-07-01,2022-12-31,0.002286563431160082,0.7168294302505589,0.06807142857142827,0.14781714376476351
RCL,2023-S1,semester,2023-01-01,2023-06-30,0.0015577733767321111,0.48835636347767314,0.16255000000000105,0.22550894413125416
RCL,2023-S2,semester,2023-07-01,2023-12-31,0.001434888588106532,0.4498324232201998,0.10635714285714926,0.10527938423110417
RCL,2024-S1,semester,2024-01-01,2024-06-30,0.0012382768359847764,0.3881953444786325,0.2282142857142832,0.17004278656892363
RCL,2024-S2,semester,2024-07-01,2024-12-31,0.0014206528285972196,0.44536956369958414,0.509285714285714,0.2664166251192084
RCL,2025-S1,semester,2025-01-01,2025-06-30,0.0019465351652330125,0.6102317890865327,0.3119642857142781,0.1320325601452093
RCL,2025-S2,semester,2025-07-01,2025-12-31,0.0012876083037551991,0.40366058259684867,0.3644285714285778,0.1184237062835171
CCL,Overall,overall,2016-01-01,2026-01-01,0.0016875927672294717,0.5290542765368725,0.013578571428571757,0.045477246220905675
CCL,2016-S1,semester,2016-01-01,2016-06-30,0.0011867504673513589,0.37204201281635113,0.028571428571426947,0.058691131641428806
CCL,2016-S2,semester,2016-07-01,2016-12-31,0.0008480037820140384,0.2658461425682116,0.03147142857142831,0.06541078916867535
CCL,2017-S1,semester,2017-01-01,2017-06-30,0.000642335400451082,0.20136984299688032,0.0307142857142862,0.05187980158934412
CCL,2017-S2,semester,2017-07-01,2017-12-31,0.0006679594897937612,0.20940290305281026,0.028199999999999243,0.04235178178481295
CCL,2018-S1,semester,2018-01-01,2018-06-30,0.0008632062231342703,0.27061205330487753,0.04107142857142928,0.06253706561321654
CCL,2018-S2,semester,2018-07-01,2018-12-31,0.0009618199090373028,0.30152708995658956,0.10213571428571402,0.1730992280406431
CCL,2019-S1,semester,2019-01-01,2019-06-30,0.0008811331869838559,0.27623209214014444,0.043271428571428724,0.08058677789460433
CCL,2019-S2,semester,2019-07-01,2019-12-31,0.0009265943748458968,0.2904840113957266,0.03154999999999981,0.06949073925596574
CCL,2020-S1,semester,2020-01-01,2020-06-30,0.0038816806030610856,1.2168929395040784,0.016442857142857394,0.07573035960338077
CCL,2020-S2,semester,2020-07-01,2020-12-31,0.0020289539201152093,0.6360697729793265,0.01000000000000004,0.0596881844130434
CCL,2021-S1,semester,2021-01-01,2021-06-30,0.0015742168732149901,0.49351134061695545,0.014285714285713727,0.055377419994119235
CCL,2021-S2,semester,2021-07-01,2021-12-31,0.0014191685626747505,0.44490425165923364,0.008571428571428896,0.03848363042795337
CCL,2022-S1,semester,2022-01-01,2022-06-30,0.0018169498594356635,0.5696072607407653,0.00787857142857121,0.04546491163819285
CCL,2022-S2,semester,2022-07-01,2022-12-31,0.0019359574147465007,0.6069157022676633,0.014285714285714743,0.15645521671138382
CCL,2023-S1,semester,2023-01-01,2023-06-30,0.001588072729871612,0.4978551019565482,0.009992857142856693,0.08990180651764075
CCL,2023-S2,semester,2023-07-01,2023-12-31,0.0014986415226067166,0.4698187394062252,0.012157142857142946,0.07764335858162823
CCL,2024-S1,semester,2024-01-01,2024-06-30,0.0013782873018666315,0.43208812309981703,0.003592857142856382,0.02262015442004031
CCL,2024-S2,semester,2024-07-01,2024-12-31,0.0012772971452976857,0.4004280714223948,0.010657142857142128,0.0528608813712542
CCL,2025-S1,semester,2025-01-01,2025-06-30,0.0016460119973183097,0.5160188543838664,0.03058571428571431,0.13617948805097352
CCL,2025-S2,semester,2025-07-01,2025-12-31,0.001171048275207108,0.36711943192703045,0.012607142857143165,0.04337055894551113
EXPE,Overall,overall,2016-01-01,2026-01-01,0.001601781016515747,0.5021526006267868,0.24385714285714194,0.18449920212455642
EXPE,2016-S1,semester,2016-01-01,2016-06-30,0.0017546979105686415,0.5500914981643934,0.11571428571428401,0.10756974386103399
EXPE,2016-S2,semester,2016-07-01,2016-12-31,0.0010792583917231982,0.33834363284624397,0.07214285714285751,0.0613997626643155
EXPE,2017-S1,semester,2017-01-01,2017-06-30,0.0008321413198347002,0.260873317598026,0.09354285714286041,0.07134362456903262
EXPE,2017-S2,semester,2017-07-01,2017-12-31,0.0010052397824663207,0.31513906446275197,0.15428571428571405,0.11117441311392802
EXPE,2018-S1,semester,2018-01-01,2018-06-30,0.001260994686109868,0.39531730896899653,0.09285714285714265,0.0801527157567787
EXPE,2018-S2,semester,2018-07-01,2018-12-31,0.0012668027187511084,0.3971381063596837,0.1546500000000017,0.12375942227075501
EXPE,2019-S1,semester,2019-01-01,2019-06-30,0.0010011184790813187,0.3138470506410047,0.24428571428570933,0.19955685020804909
EXPE,2019-S2,semester,2019-07-01,2019-12-31,0.0011511953885671568,0.36089562320822965,0.0721428571428565,0.05795644007525162
EXPE,2020-S1,semester,2020-01-01,2020-06-30,0.003153947513646629,0.988751227469971,0.11464285714285742,0.13676921842137016
EXPE,2020-S2,semester,2020-07-01,2020-12-31,0.0018342720746382093,0.5750377130453482,0.20000000000000082,0.1978753942253677
EXPE,2021-S1,semester,2021-01-01,2021-06-30,0.001652279107425542,0.5179835709127255,0.0853571428571444,0.05245119545028011
EXPE,2021-S2,semester,2021-07-01,2021-12-31,0.0014587930564032073,0.45732638824913174,0.1553571428571396,0.09568081224410671
EXPE,2022-S1,semester,2022-01-01,2022-06-30,0.0019621435910854293,0.6151249745798473,0.16892857142857107,0.10263196440399834
EXPE,2022-S2,semester,2022-07-01,2022-12-31,0.0018093932351414274,0.5672382861417503,0.10138571428571197,0.10313125181662317
EXPE,2023-S1,semester,2023-01-01,2023-06-30,0.0015220002605766897,0.47714161993610965,0.22285714285714317,0.2196319817820886
EXPE,2023-S2,semester,2023-07-01,2023-12-31,0.0013049184409838718,0.4090872484999647,0.12015714285714653,0.10331252685318931
EXPE,2024-S1,semester,2024-01-01,2024-06-30,0.001228554690481524,0.3851474867516445,0.03000000000000012,0.02263887594561684
EXPE,2024-S2,semester,2024-07-01,2024-12-31,0.0015230044059648229,0.4774564159118762,0.20178571428571143,0.13311946995511348
EXPE,2025-S1,semester,2025-01-01,2025-06-30,0.0018907826381044622,0.5927535719017546,0.09500000000000293,0.05531122088183165
EXPE,2025-S2,semester,2025-07-01,2025-12-31,0.001562168763340289,0.4897343014063282,0.24385714285714194,0.10915515021196437
NCLH,Overall,overall,2016-01-01,2026-01-01,0.002002317609093617,0.6277193850594527,0.01887142857142849,0.06276563277035213
NCLH,2016-S1,semester,2016-01-01,2016-06-30,0.0015727465822089337,0.4930504096627509,0.02535714285714314,0.052964548345036146
NCLH,2016-S2,semester,2016-07-01,2016-12-31,0.001182850778391848,0.3708194743217237,0.03785714285714446,0.09623730802725611
NCLH,2017-S1,semester,2017-01-01,2017-06-30,0.0009591055460371593,0.3006761468966374,0.036428571428573316,0.07268356588852043
NCLH,2017-S2,semester,2017-07-01,2017-12-31,0.0011783247725791876,0.3694005877411953,0.03107142857142975,0.055782679814737585
NCLH,2018-S1,semester,2018-01-01,2018-06-30,0.0009834119788025817,0.3082961263440571,0.04000000000000016,0.07307138602927746
NCLH,2018-S2,semester,2018-07-01,2018-12-31,0.0011263822368214643,0.3531167891788753,0.09785714285714368,0.19495251557254437
NCLH,2019-S1,semester,2019-01-01,2019-06-30,0.0010221911092767602,0.32045324458735647,0.06499999999999874,0.12135595988356315
NCLH,2019-S2,semester,2019-07-01,2019-12-31,0.0009274062582939517,0.2907385339432178,0.04464285714285816,0.08635995814378472
NCLH,2020-S1,semester,2020-01-01,2020-06-30,0.004559222609172693,1.4292999270353164,0.03357857142857133,0.1471275140277413
NCLH,2020-S2,semester,2020-07-01,2020-12-31,0.002235980855610492,0.7009719743332207,0.01642857142857146,0.08923083860245626
NCLH,2021-S1,semester,2021-01-01,2021-06-30,0.0018631970779110906,0.5841055977729438,0.015714285714286142,0.05517045157906207
NCLH,2021-S2,semester,2021-07-01,2021-12-31,0.0016914405282805617,0.5302605358185553,0.010714285714285359,0.04357544960102446
NCLH,2022-S1,semester,2022-01-01,2022-06-30,0.0021779330797256943,0.6827742048999447,0.00712857142857131,0.03835286520768367
NCLH,2022-S2,semester,2022-07-01,2022-12-31,0.002293456325074967,0.7189903277574685,0.010707142857142646,0.07608231934049235
NCLH,2023-S1,semester,2023-01-01,2023-06-30,0.001873612000237305,0.587370638547875,0.02213571428571421,0.1465641584600272
NCLH,2023-S2,semester,2023-07-01,2023-12-31,0.001660478236505834,0.5205539684565166,0.02428571428571377,0.14038687270386013
NCLH,2024-S1,semester,2024-01-01,2024-06-30,0.001556080608668273,0.48782568676422117,0.025678571428571977,0.14415969912427912
NCLH,2024-S2,semester,2024-07-01,2024-12-31,0.001552962280955342,0.4868481022164526,0.027871428571428578,0.12837027064633952
NCLH,2025-S1,semester,2025-01-01,2025-06-30,0.0020620344639789437,0.6464404047698423,0.01791428571428685,0.08643456980836893
NCLH,2025-S2,semester,2025-07-01,2025-12-31,0.0016394410354423693,0.5139588814159008,0.01887142857142849,0.08325898843227852
MMYT,Overall,overall,2016-01-01,2026-01-01,0.0026518600072748676,0.8313485959821607,0.11085714285714333,0.2630477027973762
MMYT,2016-S1,semester,2016-01-01,2016-06-30,0.0032472108658277354,1.0179889536997313,0.039285714285714084,0.22793553597555316
MMYT,2016-S2,semester,2016-07-01,2016-12-31,0.0031172400403237134,0.9772435663093737,0.07856428571428634,0.3476817732652871
MMYT,2017-S1,semester,2017-01-01,2017-06-30,0.0018023338368334165,0.5650251901051029,0.05535714285714276,0.16581334961996683
MMYT,2017-S2,semester,2017-07-01,2017-12-31,0.00211276194940216,0.6623432894125478,0.07142857142857093,0.23909673841767692
MMYT,2018-S1,semester,2018-01-01,2018-06-30,0.002056703628106103,0.64476920685361,0.06248571428571381,0.18443305081329606
MMYT,2018-S2,semester,2018-07-01,2018-12-31,0.002313747424946124,0.7253515147517078,0.029285714285714297,0.10496900938269012
MMYT,2019-S1,semester,2019-01-01,2019-06-30,0.002269796338293673,0.7115730068062776,0.026785714285714284,0.10189574231530783
MMYT,2019-S2,semester,2019-07-01,2019-12-31,0.0018883749155372779,0.5919987595171445,0.03250000000000013,0.1331978052874147
MMYT,2020-S1,semester,2020-01-01,2020-06-30,0.003570924649507617,1.119472063224392,0.02999999999999949,0.16792628782028932
MMYT,2020-S2,semester,2020-07-01,2020-12-31,0.004579834821135183,1.4357617815178658,0.06033571428571476,0.31498762267979197
MMYT,2021-S1,semester,2021-01-01,2021-06-30,0.002864040657405344,0.897866468379891,0.04464285714285689,0.14958556628428984
MMYT,2021-S2,semester,2021-07-01,2021-12-31,0.002522135612958903,0.7906804638849315,0.024285714285714022,0.08521866289310633
MMYT,2022-S1,semester,2022-01-01,2022-06-30,0.0033853975497028697,1.0613099832065185,0.044142857142857296,0.17158424179709414
MMYT,2022-S2,semester,2022-07-01,2022-12-31,0.0025851284592403167,0.8104284951419772,0.043214285714285997,0.1436397634189302
MMYT,2023-S1,semester,2023-01-01,2023-06-30,0.0020878314034276277,0.6545276527137257,0.026207142857142682,0.10002868042341868
MMYT,2023-S2,semester,2023-07-01,2023-12-31,0.0018027412009499642,0.5651528972937993,0.031999999999999015,0.08317838161501678
MMYT,2024-S1,semester,2024-01-01,2024-06-30,0.002227617356866883,0.6983500474898264,0.1103500000000009,0.1670782418479506
MMYT,2024-S2,semester,2024-07-01,2024-12-31,0.0026084321798476714,0.8177341279261127,0.19071428571428584,0.1911896974090417
MMYT,2025-S1,semester,2025-01-01,2025-06-30,0.0026538151264130943,0.8319615188159769,0.09849999999999934,0.09702391928006615
MMYT,2025-S2,semester,2025-07-01,2025-12-31,0.0017318373608115748,0.5429247978514882,0.11085714285714333,0.12381016640070225
TNL,Overall,overall,2016-01-01,2026-01-01,0.0017241032416968898,0.5405001792632093,0.05614285714285826,0.0991629465110838
TNL,2016-S1,semester,2016-01-01,2016-06-30,0.0010845146253593086,0.3399914432289742,0.03571428571428571,0.050652263417911896
TNL,2016-S2,semester,2016-07-01,2016-12-31,0.000755703792965388,0.23691042722341182,0.03357142857142849,0.04734334153958136
TNL,2017-S1,semester,2017-01-01,2017-06-30,0.0006360904358029344,0.19941206898997454,0.052500000000000976,0.05913351234708234
TNL,2017-S2,semester,2017-07-01,2017-12-31,0.0007726454689938982,0.24222158186251364,0.07142857142857041,0.06786729876003605
TNL,2018-S1,semester,2018-01-01,2018-06-30,0.0027102627007108476,0.8496576307940975,0.027142857142855803,0.0262502204050313
TNL,2018-S2,semester,2018-07-01,2018-12-31,0.0012120013351309337,0.37995806925156733,0.055357142857143264,0.13283200668564402
TNL,2019-S1,semester,2019-01-01,2019-06-30,0.0010684798741985293,0.3349646062813723,0.04157142857142863,0.09812026446646593
TNL,2019-S2,semester,2019-07-01,2019-12-31,0.0010818747191599458,0.3391638421088758,0.04071428571428675,0.08837925141750085
TNL,2020-S1,semester,2020-01-01,2020-06-30,0.0040856187734129345,1.280826824069655,0.04678571428571462,0.13963043172640055
TNL,2020-S2,semester,2020-07-01,2020-12-31,0.002192848949930134,0.6874502766828802,0.06063571428571483,0.1775919570648827
TNL,2021-S1,semester,2021-01-01,2021-06-30,0.0017558446975275816,0.5504510117607334,0.043571428571428025,0.07408250634793763
TNL,2021-S2,semester,2021-07-01,2021-12-31,0.001614592218481718,0.5061688664696428,0.047499999999998925,0.08782635435106244
TNL,2022-S1,semester,2022-01-01,2022-06-30,0.0017641214081047882,0.5530457308254032,0.05914285714285837,0.11204111236270439
TNL,2022-S2,semester,2022-07-01,2022-12-31,0.0015390915749261295,0.4824996856518402,0.04073571428571553,0.10223129436332237
TNL,2023-S1,semester,2023-01-01,2023-06-30,0.0012061677625547773,0.378129265182935,0.046071428571428284,0.11687863477832293
TNL,2023-S2,semester,2023-07-01,2023-12-31,0.001186960997305556,0.37210801320149733,0.036428571428571796,0.09571182427200162
TNL,2024-S1,semester,2024-01-01,2024-06-30,0.0010998748434138794,0.3448068164683669,0.045214285714285395,0.10315395294822272
TNL,2024-S2,semester,2024-07-01,2024-12-31,0.0015618996804519058,0.489649944886434,0.06999999999999927,0.14825742625540397
TNL,2025-S1,semester,2025-01-01,2025-06-30,0.0019580318094238338,0.6138359457842189,0.04050714285714209,0.08194483483467971
TNL,2025-S2,semester,2025-07-01,2025-12-31,0.0012281226020957779,0.3850120285932784,0.05614285714285826,0.08976829133412692
LIND,Overall,overall,2016-01-01,2026-01-01,0.0038616765050719652,1.2106217265699406,0.01714285714285754,0.147821905748708
LIND,2016-S1,semester,2016-01-01,2016-06-30,0.003987972709886373,1.2502151335606175,0.015714285714286142,0.15874214257716313
LIND,2016-S2,semester,2016-07-01,2016-12-31,0.003067799075418983,0.9617440012324867,0.03535714285714293,0.37897511992434757
LIND,2017-S1,semester,2017-01-01,2017-06-30,0.0031006925001634098,0.9720559718505833,0.012299999999999756,0.13170605355147946
LIND,2017-S2,semester,2017-07-01,2017-12-31,0.0027581167898032364,0.8646597159983785,0.024285714285714275,0.2326233527124965
LIND,2018-S1,semester,2018-01-01,2018-06-30,0.0023578764114921724,0.7391857936753804,0.013928571428571321,0.12584304409712593
LIND,2018-S2,semester,2018-07-01,2018-12-31,0.002956449685996175,0.926836367229872,0.040892857142857,0.29762441906313103
LIND,2019-S1,semester,2019-01-01,2019-06-30,0.001939927512017404,0.6081603135152495,0.018214285714284628,0.11801651869422305
LIND,2019-S2,semester,2019-07-01,2019-12-31,0.0018264631699924994,0.5725896494614637,0.024285714285714275,0.14209909317914063
LIND,2020-S1,semester,2020-01-01,2020-06-30,0.007046479040938743,2.209045892781531,0.022071428571428773,0.2574914091679535
LIND,2020-S2,semester,2020-07-01,2020-12-31,0.00409965415340871,1.2852268653318462,0.023942857142857172,0.24130852195056962
LIND,2021-S1,semester,2021-01-01,2021-06-30,0.0032530856297820388,1.019830671117596,0.02000000000000021,0.11343707516864633
LIND,2021-S2,semester,2021-07-01,2021-12-31,0.0031549011204012336,0.9890501797654863,0.045000000000000054,0.30355522364544385
LIND,2022-S1,semester,2022-01-01,2022-06-30,0.0037678818427355713,1.181217436513124,0.025000000000000102,0.17546596372070722
LIND,2022-S2,semester,2022-07-01,2022-12-31,0.0047558089979575745,1.4909290544617908,0.013214285714285496,0.15448164079715623
LIND,2023-S1,semester,2023-01-01,2023-06-30,0.00331107216397766,1.0380092415010833,0.018928571428571597,0.18649643021722095
LIND,2023-S2,semester,2023-07-01,2023-12-31,0.003616123117958139,1.1336416208872413,0.01821428571428577,0.209351838004394
LIND,2024-S1,semester,2024-01-01,2024-06-30,0.0031242175832104503,0.9794310009651929,0.0775000000000002,0.9154074515269938
LIND,2024-S2,semester,2024-07-01,2024-12-31,0.004211945268341435,1.3204297269024028,0.01571428571428576,0.15046561358235097
LIND,2025-S1,semester,2025-01-01,2025-06-30,0.005016701761811593,1.5727179997066154,0.01642857142857146,0.15529438126627065
LIND,2025-S2,semester,2025-07-01,2025-12-31,0.0029350475141976663,0.920126863173531,0.01714285714285754,0.1327779200588813
TRIP,Overall,overall,2016-01-01,2026-01-01,0.0019834897016998993,0.6218169036561698,0.03664285714285739,0.10947253639198402
TRIP,2016-S1,semester,2016-01-01,2016-06-30,0.0017391302636627305,0.5452110967244717,0.15999285714285755,0.24456793979165414
TRIP,2016-S2,semester,2016-07-01,2016-12-31,0.001146046777703453,0.3592815521784406,0.04099285714285677,0.06864913901385285
TRIP,2017-S1,semester,2017-01-01,2017-06-30,0.0011247841304019505,0.35261578855122216,0.03321428571428443,0.07490098019343581
TRIP,2017-S2,semester,2017-07-01,2017-12-31,0.0015826057114888702,0.49614121131215794,0.05607142857142934,0.1462315400365293
TRIP,2018-S1,semester,2018-01-01,2018-06-30,0.0016654795403341555,0.5221218592593302,0.05428571428571465,0.12425520135798816
TRIP,2018-S2,semester,2018-07-01,2018-12-31,0.0017044566468699999,0.5343410422875173,0.08999999999999986,0.163454809219937
TRIP,2019-S1,semester,2019-01-01,2019-06-30,0.0013540632900177307,0.42449398231395635,0.04642857142857082,0.08968716652018968
TRIP,2019-S2,semester,2019-07-01,2019-12-31,0.0015266714752746899,0.4786060289811046,0.02321428571428541,0.061686921996519234
TRIP,2020-S1,semester,2020-01-01,2020-06-30,0.003224152912428655,1.0107603680534452,0.09129999999999962,0.4114321827121155
TRIP,2020-S2,semester,2020-07-01,2020-12-31,0.0022161303562042564,0.6947489140036232,0.03428571428571381,0.15215804679785122
TRIP,2021-S1,semester,2021-01-01,2021-06-30,0.0024530233141590147,0.7690140062232277,0.01750000000000134,0.03953267110408388
TRIP,2021-S2,semester,2021-07-01,2021-12-31,0.002218023468787564,0.6953423980049849,0.046642857142857305,0.13998517304259145
TRIP,2022-S1,semester,2022-01-01,2022-06-30,0.0025157941752702254,0.7886924459260167,0.053414285714285824,0.21185507973162407
TRIP,2022-S2,semester,2022-07-01,2022-12-31,0.0019969556574969054,0.6260384324754468,0.013214285714285876,0.06108133220180971
TRIP,2023-S1,semester,2023-01-01,2023-06-30,0.0017692593102671796,0.5546564447157594,0.014642857142856767,0.07627642192272337
TRIP,2023-S2,semester,2023-07-01,2023-12-31,0.001576571004918587,0.49424935245814366,0.10445000000000018,0.6159490693108596
TRIP,2024-S1,semester,2024-01-01,2024-06-30,0.001791241222934222,0.561547695453964,0.019999999999999574,0.08699391035188263
TRIP,2024-S2,semester,2024-07-01,2024-12-31,0.0019167879566222442,0.6009061459360241,0.04892142857142862,0.3248677159056668
TRIP,2025-S1,semester,2025-01-01,2025-06-30,0.002364384239292509,0.7412259743372033,0.027857142857142643,0.1921281595165187
TRIP,2025-S2,semester,2025-07-01,2025-12-31,0.0023690032241153298,0.7426740095037583,0.03664285714285739,0.22353554124548516
